{
  "silhouette_score": 0.31855749577506326,
  "inertia": 2097.05599156852,
  "segment_counts": {
    "2": 610,
    "1": 474,
    "0": 207,
    "4": 168,
    "3": 9
  }
}